{
  "timestamp": "2026-01-06T13:24:19.889456",
  "model_path": "models/qcgn2oei_minimal.pth",
  "model_config": {
    "node_dim": 16,
    "edge_dim": 3,
    "hidden_dim": 256,
    "num_layers": 10,
    "num_heads": 8,
    "output_dim": 1000
  },
  "device": "cpu",
  "metrics": {
    "cosine_similarity": 0.08867546170949936,
    "top5_recall": 0.0,
    "top10_recall": 0.0,
    "top20_recall": 0.02,
    "top50_recall": 0.038,
    "mse": 0.001645892160013318,
    "rmse": 0.040569596498034315,
    "mae": 0.004443690646439791,
    "spectral_angle_deg": 84.91258239746094,
    "avg_inference_time_ms": 4.151678085327148,
    "total_samples": 10
  },
  "benchmark": {
    "batch_1": {
      "batch_size": 1,
      "avg_time_sec": 0.017244362831115724,
      "time_per_sample_ms": 17.244362831115723,
      "throughput_samples_per_sec": 57.98996517259543,
      "avg_memory_mb": null
    },
    "batch_8": {
      "batch_size": 8,
      "avg_time_sec": 0.03807258605957031,
      "time_per_sample_ms": 4.759073257446289,
      "throughput_samples_per_sec": 210.1249436400982,
      "avg_memory_mb": null
    }
  },
  "assessment": {
    "level": "INSUFFICIENT",
    "recommendation": "Significant feature expansion required. Consider intermediate configuration (64/32 dims).",
    "cosine_similarity": 0.08867546170949936
  }
}