{
  "timestamp": "2026-01-06T13:38:34.571960",
  "model_path": "models/qcgn2oei_minimal.pth",
  "model_config": {
    "node_dim": 16,
    "edge_dim": 3,
    "hidden_dim": 256,
    "num_layers": 10,
    "num_heads": 8,
    "output_dim": 1000
  },
  "device": "cpu",
  "metrics": {
    "cosine_similarity": 0.08867546170949936,
    "top5_recall": 0.0,
    "top10_recall": 0.0,
    "top20_recall": 0.02,
    "top50_recall": 0.038,
    "mse": 0.001645892160013318,
    "rmse": 0.040569596498034315,
    "mae": 0.004443690646439791,
    "spectral_angle_deg": 84.91258239746094,
    "avg_inference_time_ms": 7.06326961517334,
    "total_samples": 10
  },
  "benchmark": {
    "batch_1": {
      "batch_size": 1,
      "avg_time_sec": 0.012079834938049316,
      "time_per_sample_ms": 12.079834938049316,
      "throughput_samples_per_sec": 82.78258810061875,
      "avg_memory_mb": null
    },
    "batch_8": {
      "batch_size": 8,
      "avg_time_sec": 0.022016525268554688,
      "time_per_sample_ms": 2.752065658569336,
      "throughput_samples_per_sec": 363.3634237200035,
      "avg_memory_mb": null
    }
  },
  "assessment": {
    "level": "INSUFFICIENT",
    "recommendation": "Significant feature expansion required. Consider intermediate configuration (64/32 dims).",
    "cosine_similarity": 0.08867546170949936
  }
}